{
    "answers": {
        "phase": "design",
        "action": "design decision",
        "scope": "uml component",
        "action experience": 4,
        "language": "n/a",
        "other language": "<fill in>",
        "aimodel": "chatgpt",
        "aimodel version": "4.0",
        "open source aimodel": "<fill in>",
        "tool option": "online full",
        "experience with tool": 3,
        "time allocated (h)": "0.4",
        "time saved estimate (h)": "1",
        "quality of ai help": 4,
        "knowledge acquired": 4,
        "generic feeling - now": 4,
        "generic feeling - future": 4,
        "threat level": 1,
        "notes": "The AI recommended a modular, interface-driven approach to facilitate future feature expansion."
    }
}