{
    "answers": {
        "phase": "requirements gathering",
        "action": "functional requirements",
        "scope": "backend",
        "action experience": 2,
        "language": "n/a",
        "other language": "<fill in>",
        "aimodel": "chatgpt",
        "aimodel version": "<fill in>",
        "open source aimodel": "<fill in>",
        "tool option": "online full",
        "experience with tool": 5,
        "time allocated (h)": "0.1",
        "time saved estimate (h)": "1", 
        "quality of ai help": 4,
        "knowledge acquired": 4,
        "generic feeling - now": 4,
        "generic feeling - future": 5,
        "threat level": 4,
        "notes": "<a very detailed response with bulletpoints addressing straight the question asked.>"
    }
}