{
    "answers": {
        "phase": "architecture",
        "action": "architectural decision",
        "scope": "backend",
        "action experience": 4,
        "language": "n/a",
        "other language": "<fill in>",
        "aimodel": "chatgpt",
        "aimodel version": "4.0",
        "open source aimodel": "<fill in>",
        "tool option": "online full",
        "experience with tool": 3,
        "time allocated (h)": "0.5",
        "time saved estimate (h)": "0.5",
        "quality of ai help": 4,
        "knowledge acquired": 4,
        "generic feeling - now": 4,
        "generic feeling - future": 4,
        "threat level": 1,
        "notes": "The AI recommended distributed services to maximize scalability and fault tolerance."
    }
}
