{
    "answers": {
        "phase": "design",
        "action": "design decision",
        "scope": "uml component",
        "action experience": 4,
        "language": "n/a",
        "other language": "<fill in>",
        "aimodel": "chatgpt",
        "aimodel version": "4.0",
        "open source aimodel": "<fill in>",
        "tool option": "online full",
        "experience with tool": 3,
        "time allocated (h)": "0.3",
        "time saved estimate (h)": "0.5",
        "quality of ai help": 4,
        "knowledge acquired": 4,
        "generic feeling - now": 4,
        "generic feeling - future": 4,
        "threat level": 1,
        "notes": "The AI suggested event-driven communication and the Single Responsibility Principle to optimize design."
    }
}
