{
    "answers": {
        "phase": "architecture",
        "action": "architectural decision",
        "scope": "data management",
        "action experience": 4,
        "language": "sql",
        "other language": "<fill in>",
        "aimodel": "chatgpt",
        "aimodel version": "4.0",
        "open source aimodel": "<fill in>",
        "tool option": "online full",
        "experience with tool": 3,
        "time allocated (h)": "0.5",
        "time saved estimate (h)": "0.5",
        "quality of ai help": 4,
        "knowledge acquired": 4,
        "generic feeling - now": 4,
        "generic feeling - future": 4,
        "threat level": 1,
        "notes": "The AI suggested structured and unstructured storage solutions, including relational, NoSQL, and blob storage."
    }
}