{
    "answers": {
        "phase": "coding",
        "action": "data design",
        "scope": "data management",
        "action experience": 4,
        "language": "sql",
        "other language": "<fill in>",
        "aimodel": "chatgpt",
        "aimodel version": "4.0",
        "open source aimodel": "<fill in>",
        "tool option": "online full",
        "experience with tool": 4,
        "time allocated (h)": "0.5",
        "time saved estimate (h)": "1",
        "quality of ai help": 4,
        "knowledge acquired": 4,
        "generic feeling - now": 4,
        "generic feeling - future": 4,
        "threat level": 1,
        "notes": "The AI recommended a balanced approach between normalization and denormalization for optimal performance."
    }
}