{
    "answers": {
        "phase": "requirements gathering",
        "action": "data design",
        "scope": "backend",
        "action experience": 4,
        "language": "sql",
        "other language": "<fill in>",
        "aimodel": "chatgpt",
        "aimodel version": "gpt4-o",
        "open source aimodel": "<fill in>",
        "tool option": "online full",
        "experience with tool": 5,
        "time allocated (h)": "0.1",
        "time saved estimate (h)": "1", 
        "quality of ai help": 5,
        "knowledge acquired": 4,
        "generic feeling - now": 4,
        "generic feeling - future": 5,
        "threat level": 5,
        "notes": "<accurately depicted the ER Model and data types>"
    }
}
