{
    "answers": {
        "phase": "requirements gathering",
        "action": "problem understanding",
        "scope": "frontend",
        "action experience": 2,
        "language": "n/a",
        "other language": "<fill in>",
        "aimodel": "chatgpt",
        "aimodel version": "<gpt4-o>",
        "open source aimodel": "<fill in>",
        "tool option": "online full",
        "experience with tool": 5,
        "time allocated (h)": "0.1",
        "time saved estimate (h)": "0.2", 
        "quality of ai help": 3,
        "knowledge acquired": 3,
        "generic feeling - now": 3,
        "generic feeling - future": 3,
        "threat level": 1,
        "notes": "<The model didn't output anything that useful, just mentioned custom reports and a dashboard, might be due to prompt>"
    }
}