{
    "answers": {
        "phase": "requirements specification",
        "action": "functional requirements",
        "scope": "api",
        "action experience": 2,
        "language": "n/a",
        "other language": "<fill in>",
        "aimodel": "chatgpt",
        "aimodel version": "<fill in>",
        "open source aimodel": "<fill in>",
        "tool option": "online full",
        "experience with tool": 5,
        "time allocated (h)": 0.15,
        "time saved estimate (h)": 2, 
        "quality of ai help": 5,
        "knowledge acquired": 5,
        "generic feeling - now": 3,
        "generic feeling - future": 4,
        "threat level": 4,
        "notes": "<A quality and detailed answer on what external apis the software needs to communicate with and interface specifications>"
    }
}